Size,Bedrooms,Age,Bathrooms,DistanceToCityCenter,SizePerBedroom,Price
99.9214943581583,5,87,3,7.679293422933805,19.98429887163166,473767.05769902153
166.8965248415802,5,24,3,4.563993398588521,33.37930496831604,694155.4590772748
162.61150296303023,1,3,3,6.619231727067956,162.61150296303023,904339.3109927225
101.95922668753926,3,70,2,4.540004100881826,33.98640889584642,438098.9454031365
168.9701010722411,3,72,2,3.587293313269285,56.32336702408037,705093.6337155751
114.23798452835356,2,72,3,4.529193845160531,57.11899226417678,561883.2250039071
112.94852834692998,5,55,3,6.15878982551687,22.589705669385996,501199.92853633803
203.16907877239112,1,45,2,0.9617986201620425,203.16907877239112,1085203.8345212785
116.3303452308153,5,82,1,3.4468137225702864,23.26606904616306,468914.52606867196
84.15995352192841,3,81,3,5.291318901899421,28.053317840642805,395966.15151770035
134.62581566547246,3,93,2,2.3691958455226083,44.87527188849082,602145.6444699495
138.8130156139924,4,1,3,6.913372107893786,34.7032539034981,594448.643112137
148.02705620030486,1,42,1,5.928443195712959,148.02705620030486,808483.2622676123
121.12602323547216,1,92,1,7.694452354751531,121.12602323547216,685302.2418509949
139.73913353339154,3,20,3,6.409795298358658,46.57971117779718,599650.1957217109
131.48070546259808,2,2,2,4.77700509879809,65.74035273129904,605641.2477400776
135.29264365560053,3,79,3,0.5908232129304434,45.09754788520018,525444.0365483875
176.75357071746762,5,95,1,8.483145744761709,35.350714143493526,655953.8986877383
153.86420507310217,2,3,1,7.742058017738776,76.93210253655108,683130.8683011024
147.84710870899852,1,90,1,6.304071929319285,147.84710870899852,756309.1166749676
133.058797052585,2,28,2,6.003074491416937,66.5293985262925,630297.9447232686
181.69095939129676,3,35,3,4.766757245523406,60.56365313043225,820999.2592482244
103.96896002847447,5,62,1,6.437769207038594,20.793792005694893,439728.98600133584
148.56353174169297,2,67,2,9.163328725569613,74.28176587084648,650988.9942493995
208.5026210770286,2,46,2,3.935033574676868,104.2513105385143,853618.0310156327
123.35999573136104,5,10,3,6.325495633446146,24.671999146272206,571382.8832078362
147.92230355725698,5,69,1,7.413935985217424,29.584460711451396,590150.9600453513
165.8559963751178,3,47,2,6.2365607865815065,55.28533212503927,678697.4287023337
209.91312616284478,2,64,2,3.5211767951852817,104.95656308142239,919822.8323896634
123.99111556770448,5,19,3,2.450081836027888,24.798223113540896,557388.2220519594
153.44016801378982,2,49,2,4.89337840773743,76.72008400689491,762722.3976336996
175.3500966122475,3,49,3,8.806212069243854,58.450032204082504,801603.2147752623
77.83462977796286,5,14,1,6.310334099511313,15.566925955592572,362192.0976719802
195.08840921219843,4,99,2,5.635695190292146,48.77210230304961,769543.9887695524
164.1243985522637,4,97,2,9.64209032543419,41.031099638065925,736179.0813442171
154.32652250634627,3,85,2,4.874619090765389,51.44217416878209,679885.0693371425
84.02549364327216,2,13,2,6.30693263507035,42.01274682163608,504424.37843840005
122.12791253279005,3,52,2,5.210453399077954,40.709304177596685,563214.0138897169
196.8776463358557,1,24,2,-0.2674525670103858,196.8776463358557,1103207.7999754807
181.3296906508885,2,58,1,3.99796401038515,90.66484532544425,793847.0389581209
126.96670742838077,1,8,3,3.493905788720872,126.96670742838077,724819.4932462858
182.00250323917473,2,90,3,1.9247679786700411,91.00125161958736,779188.2867601351
122.08237641512727,4,80,2,7.750798117441365,30.520594103781818,529900.4715240245
130.81539544345148,3,89,2,5.22222444906275,43.605131814483826,585649.4242090101
179.76752767141662,4,4,2,4.570489509632398,44.941881917854154,727427.8164863973
117.88196350851132,5,90,1,7.033681231629423,23.576392701702265,487865.97720936395
143.2788976751624,5,70,2,3.046686250181331,28.65577953503248,595705.705118695
167.87939722770997,3,40,1,5.2561453314455795,55.95979907590333,670566.520134894
179.10992094923435,1,68,3,6.817331208582655,179.10992094923435,966181.7116567813
191.5418323196443,4,80,3,3.953975697138393,47.885458079911075,775401.2548133915
135.17376151856158,1,89,1,6.12808302850568,135.17376151856158,727586.6338779224
98.60240018665166,1,79,3,2.641456458441862,98.60240018665166,579755.7242610604
152.21620683911442,1,97,3,4.735357555090108,152.21620683911442,836529.0863210487
172.81652927181165,1,66,2,5.781112838038437,172.81652927181165,927786.0284104774
143.36458067770735,3,75,2,2.610856066332082,47.788193559235786,606836.5407785191
174.67030326444709,2,41,2,3.4351285607451336,87.33515163222354,762271.4760350807
176.4874637479016,3,50,3,7.99506822454258,58.82915458263386,711378.678787069
156.27695449988335,1,44,3,3.411997232397951,156.27695449988335,900432.498845009
161.9040322452095,1,13,1,4.288183407711847,161.9040322452095,899175.777783933
136.99150399175605,5,68,2,4.446161065696788,27.398300798351208,562665.8901535665
164.55590654595622,2,74,1,8.084220920496971,82.27795327297811,720363.9727019117
115.85816307778447,2,4,3,6.302204218646632,57.929081538892234,579977.252450445
202.9668515023535,5,15,3,6.8032600555445715,40.5933703004707,818077.902339052
153.26769579825478,4,55,3,5.747945867215236,38.316923949563694,631179.9300563273
171.34304511411827,2,23,3,6.2787275048303,85.67152255705913,815007.3383823255
116.94607271952381,3,14,3,6.548302430990846,38.98202423984127,527936.8719918871
110.3173230611726,4,33,1,5.459791878968783,27.57933076529315,520817.9288571663
126.36758528882092,4,7,1,2.013526974989262,31.59189632220523,530468.7039530114
192.3606696498949,2,72,3,5.499790607162263,96.18033482494745,864530.5304660948
132.33662485546205,4,40,3,6.829984285512806,33.08415621386551,551966.4913735462
172.46311097368724,5,78,3,3.2894298883230144,34.49262219473745,757779.1046586331
143.97725226286235,4,42,3,5.137382007260102,35.99431306571559,624717.4969441395
145.26841224288637,2,92,2,5.143463570092544,72.63420612144319,638021.4107258129
203.59708874353555,2,23,1,2.9221105040422635,101.79854437176778,912683.3029103735
170.1337054024276,4,28,3,4.804021765280366,42.5334263506069,724990.4121104954
114.9556203169303,1,52,2,6.731709278965542,114.9556203169303,645338.9937021463
203.0657743248415,1,89,2,4.158614529537722,203.0657743248415,1093646.9901431352
198.1010586678481,5,90,3,4.068603182452434,39.62021173356962,745582.2362909527
162.33521893645394,2,64,2,3.5942389560578873,81.16760946822697,749763.8613839642
136.02254114933334,1,19,3,2.6216457169129463,136.02254114933334,789185.0745023942
179.6599462705049,1,57,1,1.9370053480704752,179.6599462705049,968290.3071617818
159.81423356357666,3,99,2,1.7874015156995644,53.27141118785889,688163.4190848311
154.23942338613665,3,63,1,3.6017157328040197,51.41314112871222,613715.9071261783
115.9953346139259,5,34,1,8.60351199429243,23.199066922785182,504813.52717676957
169.04886918156117,2,28,2,6.242614599795443,84.52443459078059,738379.6125176393
85.22205680286942,5,43,3,5.023923772825462,17.044411360573882,410715.1883038898
176.4399226832536,4,66,3,3.07157473093891,44.1099806708134,748389.3041233721
127.45018945845193,3,2,1,4.7580818064322905,42.483396486150646,516121.1334831212
128.41198703296894,2,21,1,5.372355072597822,64.20599351648447,594763.5674831186
125.45158692835156,1,68,1,6.081694774529259,125.45158692835156,706225.5728453916
103.39437531827843,3,53,3,7.010805767115358,34.464791772759476,498657.78757664165
159.57213739603395,5,79,3,5.687106917821183,31.91442747920679,688892.0455507118
104.88247187510905,5,66,1,5.582951044753066,20.976494375021808,442928.9575517698
157.5215115082847,4,52,1,5.696016547274366,39.380377877071176,631335.5674682802
183.5344945483374,2,9,2,4.135155163308036,91.7672472741687,820801.8738296748
167.7180286171082,2,56,1,6.073235137276445,83.8590143085541,729286.9990727962
207.81450733674097,1,97,1,5.425820425742272,207.81450733674097,1069849.4903263857
161.59689492428072,3,11,3,3.924929055151514,53.86563164142691,693781.2333027323
171.46729479602507,5,21,1,2.239929606850616,34.29345895920501,720155.3222638498
147.49589872902115,4,48,2,6.9270791289958655,36.87397468225529,627451.5754873694
125.76141042449957,5,9,2,4.609179518845168,25.152282084899916,517093.34211234655
159.25079175989129,1,14,3,4.923911809066474,159.25079175989129,891196.5184977496
156.61770334046068,1,64,1,3.1570422886790688,156.61770334046068,814194.4668476311
189.992818292817,5,40,1,4.864333775784084,37.9985636585634,730078.8340522673
156.22182710183256,4,78,2,4.938777542530612,39.05545677545814,588137.6133771124
168.13336286226172,3,38,3,6.893947364190966,56.04445428742057,764093.6003923734
134.5044626688162,3,26,2,4.585435087326676,44.834820889605396,614377.7529462989
154.0123125062666,1,80,3,6.867651819548901,154.0123125062666,889530.3755754691
113.19087763994293,3,29,3,3.7563911420159135,37.73029254664764,572643.9406282539
85.81748283722465,5,38,3,6.536489021376503,17.16349656744493,444175.4468258484
113.08824888509223,1,43,3,5.766478194384088,113.08824888509223,711177.4607478386
157.51854002511803,1,10,1,2.8092389569594554,157.51854002511803,852329.1439094474
199.1246199169442,5,95,2,2.620743363413007,39.82492398338884,788798.638554803
148.95819657882217,3,47,1,7.171088506216671,49.652732192940725,628927.8694847419
122.67181656769944,4,33,3,3.017509596030208,30.66795414192486,548565.448248764
172.80127194873893,3,79,2,5.170810505854509,57.60042398291298,717208.2713021889
226.28692045379697,3,85,3,5.9981350031888425,75.42897348459898,933800.4156602405
166.1985312530064,2,68,3,1.4136107000788396,83.0992656265032,780687.5196662286
175.98649391991452,3,78,2,4.683700782312072,58.66216463997151,753599.9421465751
93.06227083942713,5,88,3,5.8184139372312496,18.612454167885424,417727.8928441198
147.29842292442055,3,17,3,5.9551717560994,49.09947430814018,640259.6529205231
154.33417918062565,2,29,2,5.779116067747381,77.16708959031283,670145.1986549249
182.97616738574015,1,52,1,6.301670849026838,182.97616738574015,1005522.1048118641
191.97118988538455,4,79,2,3.4893273961106894,47.99279747134614,748251.2829404497
149.10708310366695,5,58,1,6.34354760408797,29.82141662073339,676903.548447061
179.90667003533417,2,4,2,5.559491539935158,89.95333501766709,811119.8215595603
124.20553584211248,2,84,3,3.5599283222496174,62.10276792105624,582817.2983469507
74.27125089965993,4,7,2,5.874310390941953,18.567812724914983,434590.07341036707
142.9172720835216,2,13,1,4.292089952528366,71.4586360417608,632570.7491374357
104.58097573068588,4,61,1,2.7232904679234284,26.14524393267147,442259.7332873375
147.81330366686524,4,5,1,4.973586573824615,36.95332591671631,623404.9282202683
180.15073132247218,3,5,1,3.5776828166296477,60.050243774157394,748323.1613402305
123.04325740668315,1,92,3,3.3648890834612577,123.04325740668315,690503.9826474349
137.88210170524025,5,34,1,7.814342702917104,27.57642034104805,566451.7766985686
142.08735322598858,1,95,3,7.029425244368477,142.08735322598858,802311.1096932479
162.63823697896865,5,0,2,2.087689500801362,32.52764739579373,668422.23440178
173.78121823285184,4,56,1,3.711522774714804,43.44530455821296,669620.2193645597
165.11657037742526,5,52,2,3.92966794943544,33.023314075485054,672605.0363053443
204.59597562161264,3,28,1,3.679781620909318,68.19865854053755,867948.5487968381
185.39279730996324,4,38,3,5.158277108266648,46.34819932749081,775823.0333529025
136.43120669007857,1,49,2,1.2227688130880905,136.43120669007857,771761.3868855672
137.59615298744447,1,64,3,8.587195197310457,137.59615298744447,756316.1530929724
154.02765597730345,3,40,1,4.976616408557616,51.34255199243449,641431.17790237
95.30182677385125,2,27,3,2.5504021298381585,47.65091338692562,481743.2682547427
168.0727036935057,5,50,3,6.684399803012097,33.61454073870114,680097.9435741632
125.20710084850559,4,47,3,2.9131272915379456,31.301775212126397,492966.37762860896
130.34876882117848,1,69,3,6.300371057347924,130.34876882117848,759883.0123433612
169.26037968462404,3,88,1,8.299575082642814,56.420126561541345,665973.076273725
128.9966635819933,2,52,2,2.846187951769365,64.49833179099664,632279.1634198513
163.3158655915767,5,89,3,5.661562363171068,32.66317311831534,659644.4362743289
160.28681711213062,2,52,2,5.765067037092665,80.14340855606531,705731.4703898022
138.28719561620076,4,59,2,7.026963927056903,34.57179890405019,595146.5834134928
115.28177805279907,2,37,1,8.357989103854335,57.640889026399535,528596.3959283378
102.55552730851163,1,68,3,7.268783763398833,102.55552730851163,576769.1636486189
150.5190592864406,1,69,3,7.500506342356609,150.5190592864406,824440.0277155805
144.63143666874072,4,48,1,6.2435403819207265,36.15785916718518,642616.8060336222
194.43619276964313,4,32,2,7.015792292975583,48.60904819241078,780926.4898106203
161.5514202762117,1,77,3,5.707482427289652,161.5514202762117,886030.907973152
141.87372907896312,2,23,1,8.475238435737399,70.93686453948156,659827.7477798074
164.27979152360854,4,62,3,5.059853296463537,41.069947880902134,678460.3616670367
163.12188853186308,5,42,2,5.381623416967901,32.62437770637261,665735.4325139299
113.64278762633032,3,86,3,4.873852653036041,37.88092920877677,520651.570496727
202.39611816135516,3,32,1,5.247859312965457,67.46537272045173,842012.8698993558
115.78084636006027,4,31,3,5.312529776399524,28.945211590015067,530111.6043021653
203.34266612642583,1,36,3,5.551149691579611,203.34266612642583,1134742.3074177594
138.04672921845366,4,81,1,6.940970887875935,34.511682304613416,559895.1719905363
187.73563959526209,3,47,2,5.427048496257528,62.57854653175403,832927.4388388454
129.05309507195304,3,99,2,1.3943825961501775,43.01769835731768,561598.7478435095
193.96855064599245,3,75,3,4.801604666747843,64.65618354866415,832387.2627970973
141.41098462855135,2,85,1,3.760796588216177,70.70549231427567,699880.6920265111
132.92542663127557,1,75,3,4.300410117588461,132.92542663127557,736482.5701860653
112.28675735533324,1,9,3,5.870340386547335,112.28675735533324,659090.3768966832
180.28769015015615,1,96,2,4.3755212604880604,180.28769015015615,984407.6441799807
197.45622129727371,1,67,1,5.061373464194701,197.45622129727371,985977.8906627833
149.7869076509186,1,98,1,2.649520201758096,149.7869076509186,799162.7794718404
159.30605430575167,4,40,3,6.709924890756246,39.82651357643792,732346.0163454805
133.00051049591923,3,11,2,4.127654730239815,44.33350349863974,599595.5958828515
181.66692539846144,1,8,3,10.203539274012986,181.66692539846144,1008821.3699341316
107.51601148602452,2,77,2,3.3075352487109395,53.75800574301226,511704.8557373039
161.94793350310732,3,70,2,2.977025953741941,53.98264450103577,635821.9652350699
202.57567464436352,5,93,2,5.182218546587102,40.515134928872705,780826.131714763
154.0535339583547,1,96,1,0.6332552772469304,154.0535339583547,865910.8801666439
136.84770202295184,2,30,1,3.5710034276884723,68.42385101147592,601041.2250748969
145.26151148918748,2,67,2,6.122522849753342,72.63075574459374,658029.838972676
154.08638678361928,4,4,2,7.114654914877182,38.52159669590482,664335.9308258151
154.3369877155388,5,95,1,6.018610485610076,30.867397543107764,613054.1766124243
150.84562903142563,5,9,1,1.4875661086742222,30.169125806285127,611199.3406230079
156.72609735993595,2,69,1,1.806890815023384,78.36304867996797,665958.3528476674
124.50009635138412,2,47,2,7.327898569673382,62.25004817569206,595059.6017641886
107.69734508108564,2,99,2,5.418167591892274,53.84867254054282,524173.83008598955
164.0786659796719,3,23,2,7.279678706879584,54.692888659890635,711677.008009614
174.70330957401075,5,2,1,3.772183945756157,34.94066191480215,709640.8000965243
145.00341621719423,4,95,1,5.427370445824745,36.25085405429856,613082.5957540928
118.24004511464793,2,94,3,5.40459366439412,59.12002255732396,549365.5902108729
120.38958898709173,3,81,2,1.5226712772506779,40.129862995697245,536775.0716486569
137.31606946204067,5,19,3,6.982161046368658,27.463213892408135,590928.6433562601
160.68346549183343,2,78,1,4.707658907165191,80.34173274591672,711779.3604505307
154.1385756293181,3,25,1,6.418930447654059,51.3795252097727,619830.6974601554
131.09588079367043,2,0,2,7.122387436907422,65.54794039683522,639983.440296439
109.59342313221045,4,38,1,4.483324404266072,27.39835578305261,539152.2079883869
167.92223511972824,3,21,2,7.341427186666818,55.97407837324275,746602.9406666034
127.09284028883462,4,42,2,5.487404527256716,31.773210072208656,561807.6498052811
196.72255644978185,5,69,2,6.3851478176883925,39.34451128995637,778682.2079607715
122.25756186277204,3,50,3,6.35647481993594,40.75252062092401,518586.7864424796
169.58137978835055,1,1,3,0.6652967799081262,169.58137978835055,989977.9690128196
164.7289433128014,3,69,3,6.409606268016837,54.909647770933795,707620.2547347948
106.67931499869178,5,10,2,7.639143197386389,21.335862999738357,513042.9571609501
107.20505084664471,2,25,1,3.120256798116319,53.602525423322355,487329.36682059476
130.0936057009247,4,21,2,8.111629708221425,32.52340142523118,555929.4092970545
169.50366428035233,5,47,2,2.053092778381508,33.90073285607046,671513.6296412203
172.57193404366708,3,13,3,5.3539741667748935,57.523978014555695,765258.8177115029
153.8010773182096,3,4,3,3.866552559254896,51.26702577273653,666160.1829769276
175.99332453602966,4,39,2,6.788257091270334,43.998331134007415,728621.0197972652
150.84457160057107,2,17,2,0.49130940275768786,75.42228580028554,682498.6781377278
149.04206362030655,5,9,3,8.48570759131076,29.80841272406131,645929.0557882397
139.791394076227,5,35,2,6.662098028022125,27.9582788152454,595839.4738640124
198.71444487331507,3,92,1,0.8914426831018796,66.23814829110502,779492.9581362264
148.7240623958826,1,33,3,5.28302523758566,148.7240623958826,827249.814787216
156.71892966817396,5,72,1,5.691449987584481,31.34378593363479,603223.8165955023
54.82180970603953,4,72,1,3.4283969309258016,13.705452426509883,271394.42097909935
173.91273702138795,5,7,3,4.311153965433338,34.782547404277594,736955.6862879742
137.06327248701177,3,42,1,4.425362780577274,45.68775749567059,579764.294616671
120.22233767162123,5,72,3,6.448379383327357,24.044467534324248,492210.5773327709
133.3945535384631,4,32,2,6.339957555071768,33.348638384615775,571665.2790223222
139.76486624882648,5,90,1,4.3838852171422396,27.952973249765297,548568.1297003654
150.85344284569322,5,97,3,7.15594028582718,30.170688569138644,641247.0012682577
151.3366216400249,1,91,3,5.379667904864314,151.3366216400249,864923.8721812583
167.9646586771588,5,22,2,6.28338100671694,33.59293173543176,674016.0468060253
162.3331648349192,4,70,1,6.242467491651967,40.5832912087298,656248.7743313282
120.33929321739615,2,89,3,6.818930061904974,60.16964660869807,519976.1876000919
116.97888086305451,4,29,1,5.805756346200781,29.24472021576363,438021.77961786184
164.89143641196344,2,29,3,2.934712565269571,82.44571820598172,751674.4123738898
143.25210590119312,4,71,3,7.866697116952466,35.81302647529828,611863.498931409
173.21486351074597,2,32,1,6.132379155990412,86.60743175537299,791120.7245519625
98.39907375441244,4,97,2,8.339751435398476,24.59976843860311,442564.6840051311
168.52361487733194,2,86,3,3.2462457222263996,84.26180743866597,756172.5894327953
189.45312825328557,2,46,3,5.709051897521058,94.72656412664278,870438.0472840022
177.79648463759656,2,93,2,9.743905443978566,88.89824231879828,766276.396133765
148.0326288904696,5,77,2,2.4595826102931375,29.606525778093918,589849.6524738537
185.64055144224793,4,3,2,3.8737915815632933,46.41013786056198,748935.3876461321
115.66224037922105,2,22,3,2.2395325326561943,57.83112018961052,580436.4692976831
141.28029325746556,3,92,2,8.574395405702056,47.093431085821855,573972.3161397893
180.84280646576633,5,54,2,3.214455200201557,36.16856129315327,764505.0599015327
123.73192704520042,1,97,3,4.374284172383627,123.73192704520042,738957.6210107277
153.94896996173827,1,47,3,6.66080484414732,153.94896996173827,874956.4826819813
125.05560884947917,2,43,3,5.65379103462874,62.527804424739585,584737.3687598987
120.1871866277194,4,32,3,4.889673382930487,30.04679665692985,525164.0680767476
137.312299600106,4,16,2,6.963939202237064,34.3280749000265,616363.2194011244
106.39655735953944,5,87,3,2.0203981820632317,21.27931147190789,499083.88709197316
151.5963052081252,2,26,2,2.40570916968529,75.7981526040626,768017.1932933353
150.33669650834742,4,0,1,7.18401849931348,37.584174127086854,623036.4480646197
119.07169121497446,1,92,3,8.18122631494636,119.07169121497446,644454.9150161709
146.0465223884445,2,52,2,0.8684219936900428,73.02326119422224,680250.0464116774
96.54042554276343,5,49,3,3.4943257893579442,19.308085108552685,441439.7482985746
112.20076603101276,3,60,3,2.4914605478710117,37.40025534367092,514538.9863251942
125.24089038785286,2,29,2,3.8340569845628787,62.62044519392643,529587.0417400121
170.4724605189761,2,80,2,1.5565526669121277,85.23623025948805,753701.7690845921
134.19833866858906,4,52,3,10.15658650928254,33.549584667147265,549207.835328912
144.01459799137587,3,98,1,1.2620719119661947,48.004865997125286,623790.7763989848
185.2727818013789,4,29,3,2.2012731728368435,46.318195450344724,760409.7215146596
177.75158832113576,3,87,1,6.836875787438094,59.250529440378585,703145.8655783207
163.67641391448518,1,44,2,7.080100949125985,163.67641391448518,936660.8537932787
133.71284692556964,1,75,1,6.931247437021985,133.71284692556964,726999.4647973228
152.5549142694847,5,85,2,7.83296663645514,30.51098285389694,664407.6037943503
140.74360402602838,2,84,3,4.257522777630622,70.37180201301419,628838.3477220894
156.33412899119995,3,90,2,0.5391728383650563,52.111376330399985,675235.6856549791
157.58120165030303,1,44,2,1.9926138504933402,157.58120165030303,899421.1482071446
143.18425058742557,1,61,3,5.077798017673493,143.18425058742557,826846.6043139854
220.61515421819894,1,26,2,3.6755129905672677,220.61515421819894,1131367.8179148245
81.16210558705897,1,25,3,5.763217285067218,81.16210558705897,492763.6753934497
156.81868166697876,2,52,1,2.0444906896773145,78.40934083348938,733718.9387183393
123.7895455123907,3,42,3,5.968871493285914,41.26318183746357,548709.7769900721
167.9468970124626,4,6,1,6.591915645237302,41.98672425311565,618977.6745006053
175.88824218284782,2,20,2,7.090130033781723,87.94412109142391,744695.5577726765
113.87617139474904,1,88,2,4.71914577412965,113.87617139474904,641635.1285678709
144.13497722758683,2,48,2,4.459360183040817,72.06748861379342,686936.253838608
154.23026532448935,1,66,3,5.476081066061924,154.23026532448935,833452.691202424
139.46687101681707,3,72,1,4.025325470203313,46.48895700560569,563590.0702650326
167.95902768613973,1,20,3,6.7793422305410225,167.95902768613973,942685.4923583505
198.79656254176223,4,62,2,6.944159861398093,49.69914063544056,804828.2201867683
203.46430670382352,3,14,1,7.6260202454917385,67.82143556794118,823713.2745368775
143.9628668394484,2,95,2,5.083999269601044,71.9814334197242,632073.7365421605
121.26838506113586,2,64,2,3.434859645903651,60.63419253056793,571837.1860674644
197.80063105840674,3,47,1,7.153585400455462,65.93354368613558,798435.6051048941
135.34025553156474,3,25,1,5.938108614832886,45.113418510521576,590220.5740809499
190.87136191070368,2,32,1,4.454789381208865,95.43568095535184,796335.8077394969
141.33620397065502,1,77,1,2.902434928615407,141.33620397065502,786546.7035259018
157.9812384883364,2,34,1,5.025381408797277,78.9906192441682,689558.1008367427
143.0985689057788,3,47,1,10.239340026529138,47.69952296859293,610884.5961120176
169.18032755294672,4,97,2,6.003463715878489,42.29508188823668,700141.3979233013
156.3862893708048,1,1,1,8.1179935680378,156.3862893708048,877644.6586800147
157.65886763692234,1,61,3,6.4685424390800055,157.65886763692234,802176.0795127632
127.67915870094667,2,30,2,1.7089876466002143,63.839579350473336,629995.1248165587
168.25024803297288,3,59,2,0.6141748536087288,56.08341601099096,663992.6513560114
139.4292446567592,1,28,1,4.81512280645479,139.4292446567592,814210.5232963199
157.4738342074955,3,83,2,-0.5843808631977385,52.49127806916517,678669.4162896675
167.292863007295,2,76,3,6.725754482837889,83.6464315036475,795514.1309494498
176.51617845381367,3,0,2,1.9565945501601787,58.838726151271224,725976.2457404546
138.51295279417695,2,24,1,3.964060479199663,69.25647639708848,636106.5125749221
107.05909151951391,3,88,2,8.720392767921858,35.68636383983797,476633.3278007435
130.15200559516765,5,33,2,1.2143126204050785,26.03040111903353,543419.7542758703
157.33299399835903,4,19,3,5.378130968392294,39.33324849958976,701762.0475572447
187.18333053167976,1,58,1,9.536798903990567,187.18333053167976,987741.8785955368
192.16016335200027,2,18,1,5.63881997136735,96.08008167600013,860604.6242929999
171.70643849041156,4,52,1,0.2582292126136245,42.92660962260289,727716.5821435844
135.39053433509585,5,57,2,3.1056573102768144,27.07810686701917,544895.4335443169
151.552931434176,1,47,2,4.207003003268848,151.552931434176,812999.6027774244
162.50332645161498,1,46,2,7.078040509844341,162.50332645161498,872832.2514683439
160.25897174048285,4,14,2,2.604994645118308,40.06474293512071,703624.6379509738
173.29242914039423,4,14,3,6.872949500763546,43.32310728509856,735039.2451221383
172.68792235286824,1,49,1,2.8152516828158385,172.68792235286824,917107.2155424178
178.89166042754158,4,41,3,6.914145281987839,44.722915106885395,704055.5180948899
212.90229867078634,3,9,3,5.378358273676122,70.96743289026212,895214.3576844676
146.323951236722,1,96,3,4.125433069525855,146.323951236722,798171.1375995086
204.98347679042737,4,12,1,5.528388634052341,51.245869197606844,809367.9919410389
171.01080467186983,3,75,2,3.0028396777244275,57.00360155728995,676265.8851965527
137.46870326497978,4,39,3,4.916018149368446,34.367175816244945,626215.5410707637
139.41048751242727,4,62,1,6.260271621009336,34.85262187810682,569767.8803450201
174.71295353649688,4,37,3,5.327379697914584,43.67823838412422,779971.8275843856
127.3595546592399,5,7,1,5.093026370821128,25.47191093184798,498222.5691156641
135.23503289599836,2,84,1,4.494928795551545,67.61751644799918,596169.7689039876
146.43218949971182,3,20,2,3.4871576345893125,48.810729833237275,652219.6910224223
131.72241738858042,1,64,1,3.044430699075826,131.72241738858042,667015.0709533608
178.23229292528745,1,54,1,3.963228315905014,178.23229292528745,968145.7151495165
78.98749280714536,1,37,2,4.530636382954481,78.98749280714536,421525.5499269497
126.91152122467975,1,23,3,3.9693178235730597,126.91152122467975,732368.5945481017
117.69051131847375,2,14,3,6.849492982271111,58.84525565923688,592677.1694113378
99.9317580902551,3,98,3,4.972922093603692,33.310586030085034,435228.4319671105
198.8151479162756,2,83,1,6.599414136930961,99.4075739581378,849417.3044722559
162.34266863989572,1,72,2,5.769418389756703,162.34266863989572,881296.370075158
112.08577293820784,2,72,1,6.072714361831535,56.04288646910392,536782.8696023097
121.7631470289773,3,22,3,3.978277181423447,40.587715676325764,576324.9141328916
159.40761231619638,5,93,1,4.982770265036634,31.881522463239275,594463.1943402771
146.16957025240148,1,50,3,5.5928608510712525,146.16957025240148,820297.7283838026
134.98469990067193,3,38,1,7.803204530989397,44.99489996689064,550337.9132381121
158.15319989537048,1,31,3,5.546959292044922,158.15319989537048,931233.2090386559
195.54340273182203,3,25,2,3.9191006379684294,65.18113424394068,845619.593310858
187.97188746852314,4,41,3,7.252380221546483,46.992971867130784,784628.6177551051
218.3836701258159,3,31,2,3.460811734318259,72.7945567086053,912752.7280309029
230.12965747630142,3,84,3,5.191070679149123,76.7098858254338,934809.739896157
122.38361459220822,5,26,2,2.6344548305397133,24.476722918441645,531904.9828569766
156.30460384865742,2,72,3,4.198922811196476,78.15230192432871,778271.1139685351
168.32339042824228,3,25,2,6.075128300004188,56.10779680941409,686998.8662559383
105.93124026367406,2,86,3,5.176111476533561,52.96562013183703,519319.3043989836
117.90860849619372,4,76,2,4.4869665605134585,29.47715212404843,512362.46601809905
157.02214722208032,1,20,1,2.721039252009211,157.02214722208032,882033.0937523888
213.7278950331368,4,21,1,6.062935241970788,53.4319737582842,832629.0787913547
157.5346689965916,4,60,3,8.207430595122124,39.3836672491479,681663.5656807632
130.1564217680535,2,74,1,4.172619866682458,65.07821088402675,590940.0077848244
134.4433921274895,2,39,3,2.885216505678018,67.22169606374474,670949.9883447703
193.04826200250713,2,15,1,5.665387553085457,96.52413100125356,825097.9427028472
210.50827130039045,5,79,1,5.071166974941586,42.10165426007809,803419.9528465009
112.7453608737577,5,33,2,6.321285822647403,22.54907217475154,503034.9592612381
151.22967668581313,1,73,3,9.765322529653474,151.22967668581313,831024.7420256798
124.53566607067924,1,86,1,1.6891179558859348,124.53566607067924,718635.3448844624
179.1018131893808,5,87,3,6.451001117142913,35.82036263787616,716454.0192897852
148.79977487258822,3,90,2,2.973621771379305,49.5999249575294,617555.2256061824
153.89161292443976,4,30,3,6.811068479013397,38.47290323110994,671235.1326049238
138.26657140570813,2,48,1,1.0114138411507687,69.13328570285407,580356.218786572
111.32208102177921,5,74,1,8.123517681235658,22.264416204355843,482253.8941177673
79.6404962193654,3,98,3,4.9059311443670355,26.546832073121802,409033.6306439815
118.17981943815833,4,54,1,3.5052286480422277,29.544954859539583,509030.3394944441
119.76167064070239,2,68,3,4.786990297454736,59.880835320351196,626169.7884634843
150.61219801935113,1,50,2,4.908627072471857,150.61219801935113,800445.9269572016
121.95683948237743,3,73,2,7.135850795700044,40.65227982745915,536833.2152416393
136.43842822069954,3,97,1,5.367669234497961,45.47947607356651,561927.0760785772
151.7442815071003,3,8,2,3.0616015675039376,50.58142716903344,561243.87626796
119.1422608067993,1,91,3,4.760601702793834,119.1422608067993,682498.3689218935
187.2688580072118,2,90,3,4.6633897430401365,93.6344290036059,873357.5834840054
154.00769191030838,1,76,3,2.0965509402838345,154.00769191030838,849644.25850411
84.65855376167323,5,5,1,2.412960928561985,16.931710752334645,421259.4493499624
161.42185544027527,2,36,3,6.060745856390298,80.71092772013763,739265.2025175556
109.85204296271067,4,95,3,1.3405306562104236,27.463010740677667,517812.05657969834
133.0729252712868,5,51,1,5.962070877905631,26.61458505425736,557247.6298093669
206.26658259452006,1,29,2,7.493280883620708,206.26658259452006,1086643.25443251
152.9610941840608,4,6,3,5.993111558309201,38.2402735460152,651716.9801836716
128.5271904272744,2,58,1,4.353920444670712,64.2635952136372,542767.5964086457
196.07070097090315,3,6,2,5.862352499544139,65.35690032363438,843549.2828310714
195.1591549720602,3,90,1,6.808245394587541,65.05305165735341,814087.2881602842
192.5738181432451,5,94,3,5.310885465909344,38.51476362864902,800436.8919727608
158.9553126267942,1,85,1,7.277240107860671,158.9553126267942,836227.4568096468
140.6333333825993,4,53,3,2.854005714316274,35.15833334564982,626628.1977725571
92.23955646319135,3,22,1,6.928531682645533,30.746518821063784,406109.8027488942
123.2972250353752,1,69,1,3.2001711148214698,123.2972250353752,694157.9566352187
161.4728562785715,5,9,2,2.084751222530841,32.2945712557143,631846.6744766601
173.49016636507272,2,19,3,4.6311758432760834,86.74508318253636,799213.47864895
136.68644358228332,5,34,2,6.179403840351545,27.337288716456662,589553.6248192419
147.57851703065595,3,8,1,7.671342510424417,49.19283901021865,613501.8257934533
111.49256109745129,3,96,2,7.977927667496488,37.16418703248376,487489.8024394852
162.7320684466793,3,30,1,4.789652788847882,54.24402281555977,692386.4224551981
103.136312771912,5,70,2,7.8060099709908375,20.6272625543824,472973.37349480455
116.30365184368756,3,83,2,4.207904083104671,38.767883947895854,488804.07053200813
120.53594336325622,3,39,1,5.140252241031165,40.17864778775208,551752.0598499142
188.57146545022925,5,6,1,0.6288296006424003,37.71429309004585,761762.4298925066
148.6745645697787,5,60,1,2.9602244373167914,29.734912913955743,626181.9161843073
139.3697577442711,2,64,3,5.622748291740543,69.68487887213556,676899.1197579348
141.8458502121954,2,85,3,2.392787070739748,70.9229251060977,693607.3384477901
147.0838098625541,4,90,3,5.19128219582201,36.77095246563852,620175.7560582277
176.3578167252942,4,59,3,3.9073563298762393,44.08945418132355,723456.4222249532
160.73105902318676,5,95,2,3.1638628986843846,32.14621180463735,637976.5873537129
177.23428006877703,2,79,3,6.768678671018582,88.61714003438851,803798.6132883389
111.13998064060154,2,10,3,2.1144814645225365,55.56999032030077,577396.3042051636
173.9182066124056,1,46,1,6.433439989213499,173.9182066124056,945581.5562891804
134.31429506998916,1,84,3,6.981575642272741,134.31429506998916,780961.9603966379
142.35046015895267,5,57,2,6.391408513115799,28.470092031790536,578237.5950284057
154.85142673903292,4,99,2,4.0442137279031485,38.71285668475823,636139.615421896
120.90332773632679,3,29,2,5.178757824088941,40.30110924544226,516734.6951678948
61.99617794237429,2,4,3,5.3118719054522145,30.998088971187144,319670.91691292054
177.08164775022183,1,26,2,2.2473946914955345,177.08164775022183,986098.8785582363
159.49394712570674,2,57,2,2.826521283745638,79.74697356285337,695706.954198157
151.63547528061986,3,2,2,2.9806886872478087,50.545158426873286,724144.7289331591
173.06588119123327,3,17,1,3.4637025075984194,57.68862706374443,711795.7509845699
162.70025769367277,1,85,2,4.5323142524517195,162.70025769367277,910215.6032987032
99.58991730034407,1,1,2,4.727673837356874,99.58991730034407,611248.2109698135
182.70190053725125,5,8,1,7.496845575842723,36.54038010745025,691848.7047139491
161.18002252984883,3,99,2,5.554428869003457,53.72667417661628,710841.8198617281
111.5685476974722,3,79,2,3.7834637304028,37.1895158991574,499012.32875323185
118.13784949437692,1,92,1,3.6276965613759424,118.13784949437692,649634.588498306
140.17848968872607,3,27,2,7.169865575985133,46.726163229575356,622552.5036645978
148.5998524798794,4,70,3,5.079540561173393,37.14996311996985,636171.4753613956
158.12979640186194,5,50,1,8.347910829559982,31.62595928037239,630992.8074423014
184.29485349534562,1,49,1,0.9600007914352648,184.29485349534562,957419.1581764633
207.55558772389767,3,85,1,7.268722804979157,69.18519590796589,813385.8557095276
157.38187235290243,2,71,2,5.415508416901428,78.69093617645122,725581.8006736975
58.43122409327107,3,52,3,3.596575332602063,19.477074697757022,305845.6008862765
155.6534632390389,5,49,2,3.2097924004436376,31.13069264780778,635694.6074952475
133.61474406424068,2,15,3,7.715536828300106,66.80737203212034,642186.8048391427
199.66386368242658,2,55,2,7.114144680091351,99.83193184121329,915548.3214036538
113.70426574408515,4,45,2,5.299141854787209,28.426066436021287,528287.7062054366
195.79681667863426,1,73,3,4.289209948328834,195.79681667863426,1092237.9109253201
188.71585220260027,4,51,3,8.026744792195906,47.17896305065007,816604.8179334945
178.4547314676,5,73,3,1.7890227906580658,35.69094629352,713478.598737816
130.8588126772822,2,22,1,9.30053939736356,65.4294063386411,580913.6846355264
173.3547928688256,3,40,1,6.1976964650861515,57.7849309562752,723270.9183266726
170.19339556841746,1,92,2,7.8442133037019,170.19339556841746,905566.7773707345
130.2710542652208,3,74,1,7.537365469971908,43.4236847550736,530352.3911068664
167.5279978145758,1,46,2,6.285045999545114,167.5279978145758,951809.6341915748
121.73040151249599,1,43,1,6.024902671983703,121.73040151249599,678609.388423759
187.32440999516507,4,25,3,4.353724562574282,46.83110249879127,829872.3020154703
189.4286280379904,4,77,3,6.347986862112194,47.3571570094976,765696.9512967179
202.18149148503352,3,55,2,5.23746867199362,67.39383049501117,804312.5292606695
142.7016927983014,2,33,3,6.11285907903336,71.3508463991507,684331.0565370558
178.9012483323702,1,64,1,8.229875819086965,178.9012483323702,922631.2496174437
134.53228564133897,3,35,3,1.2550587868963743,44.84409521377966,630411.0409830345
176.3028293827708,5,16,2,5.672402160053405,35.26056587655416,716231.7896400498
142.68075620010418,4,17,1,3.5562208159842905,35.670189050026046,566570.486364025
198.90923137290935,5,84,1,5.058438453554456,39.781846274581866,746949.4599518476
158.23855517076646,4,7,2,6.329070453179577,39.559638792691615,672483.5306570816
147.1689528878273,1,55,1,2.536174505266108,147.1689528878273,811341.425323534
148.3850999833849,2,83,2,4.981192641122618,74.19254999169245,673529.0780761924
98.82237459382416,1,92,3,5.778000009608795,98.82237459382416,601706.3705463072
152.29913879747195,5,40,1,3.958255303513794,30.45982775949439,616286.3078145202
162.53343519108338,4,34,1,2.3190987763701028,40.633358797770846,666398.9483251027
112.15860004375779,2,2,1,7.350619902874529,56.07930002187889,481456.31849126966
212.76193752589927,2,42,1,6.9829821933186285,106.38096876294964,951479.5301857215
146.48042700434425,4,9,2,8.102518918069892,36.62010675108606,617758.6366210238
165.7735576134717,3,16,2,6.067310319884055,55.2578525378239,737384.6816720557
136.61435509598473,5,26,3,5.633956038042847,27.322871019196945,600081.9454993303
116.52774279419612,2,80,2,5.913323960671993,58.26387139709806,565665.587061155
121.17688198465453,5,9,2,5.49360087487362,24.235376396930906,494349.3716208014
123.31465957879388,5,62,3,7.880523087385551,24.662931915758776,537894.1015628909
161.59568286540875,5,71,1,5.228335945070778,32.31913657308175,639238.075167577
93.57926040058237,4,89,2,3.635362786059558,23.394815100145593,425958.7614973967
135.91109988267345,4,7,1,1.9988999590706262,33.977774970668364,515963.4347250537
158.9404390651405,1,89,1,3.4328539279609753,158.9404390651405,810495.9523869271
146.64142845780225,4,54,3,7.975025370536141,36.66035711445056,685100.7510401184
165.0454678568557,2,71,1,8.427107470218719,82.52273392842785,732394.2137114928
113.82826940675844,1,52,1,5.345116210819008,113.82826940675844,691674.5192417526
132.7873762831791,5,9,1,2.38124307181153,26.55747525663582,553015.1074499084
128.89407019643943,2,76,1,4.947747645052621,64.44703509821971,583210.0769417123
92.70895567347563,1,42,3,5.0555029948236365,92.70895567347563,529137.5359821686
153.43303254729986,3,81,2,6.160108147681816,51.14434418243329,628505.2656780446
133.80607220395666,1,15,1,7.38528431769167,133.80607220395666,786022.4674505257
172.5321737023679,4,86,2,6.261291922272228,43.13304342559198,740339.460580895
161.08207577943986,4,10,3,6.023299482987824,40.270518944859965,670719.8325720136
153.74688956180742,5,34,2,6.902348221126681,30.749377912361485,638662.0465179934
138.84796697388722,2,58,2,1.8526533028641818,69.42398348694361,655277.6812625924
153.96595091364293,1,10,1,1.5351591677737346,153.96595091364293,826962.9894477307
113.31746598389518,2,61,1,3.122878206111646,56.65873299194759,509188.7805737859
170.64362855939956,1,91,2,4.110763998073681,170.64362855939956,933221.4456176696
150.75265385255636,1,72,1,9.984003431881058,150.75265385255636,768442.7329760798
197.144080295483,3,46,2,6.505097700036927,65.71469343182767,809944.3983561362
118.27743327180217,4,31,1,4.937369719508424,29.56935831795054,477272.96236163966
129.84933766211444,5,38,2,6.053466669030971,25.96986753242289,591257.5066233221
152.1330183729885,5,83,2,5.349489118336857,30.426603674597697,653356.0443385667
167.50010863069127,3,49,2,4.10366497558916,55.833369543563755,657635.8100261731
180.82512540488676,3,72,2,4.633175178373422,60.27504180162892,764095.4855627666
179.85885496953668,4,18,1,4.5636710231288635,44.96471374238417,709133.375145041
131.71837517974635,5,71,3,5.951593490482914,26.343675035949268,596685.0862933398
63.31921380735824,2,82,2,2.528475648612529,31.65960690367912,354139.17793874495
125.88915132687578,2,82,1,4.693776077403819,62.94457566343789,562471.0141788922
141.34279123482528,3,37,1,9.639649922489523,47.11426374494176,589025.5256643731
116.34487396291594,1,5,1,0.8217526489030069,116.34487396291594,646337.6674992761
120.32513631960451,2,37,3,2.7961788618430647,60.162568159802255,577571.5138959131
148.52412731470446,1,9,3,5.49128328722854,148.52412731470446,830088.6704835087
125.8175690851703,5,9,2,6.923877450293525,25.16351381703406,532060.2186826678
136.85946590183792,4,31,3,3.9003150628579357,34.21486647545948,608066.4366929885
157.60484191599275,3,49,2,5.837158738033121,52.53494730533092,702954.6131742352
115.82392907163985,3,61,2,6.353021990077636,38.60797635721328,495561.65956745524
187.99331280721609,3,56,3,5.87766349451469,62.664437602405364,811259.523232227
128.93001585403098,4,87,1,5.956743319978031,32.232503963507746,550650.6643305557
149.0702302834652,3,49,1,6.1014350798674695,49.69007676115507,655031.1028064332
170.3672465880309,5,88,2,3.4738424927907787,34.073449317606176,622679.0933206532
165.01410003941805,3,66,2,4.492706631613436,55.00470001313935,659411.557822678
194.2571055738071,1,26,2,5.416067509875026,194.2571055738071,1040479.604037395
124.71199226157154,2,28,3,10.816761910950444,62.35599613078577,620604.8332016177
181.08818659679423,2,79,2,5.744698102755365,90.54409329839712,793655.6243994102
177.43895581395583,2,88,3,2.5364891820528586,88.71947790697791,833255.6901168174
186.1570816148203,1,5,1,7.122048988885494,186.1570816148203,1046779.0109181904
176.57225664109865,5,24,1,5.10431241939362,35.31445132821973,713110.4987162802
150.48584930676012,2,15,1,4.518098528235125,75.24292465338006,745422.3129101612
158.8849262987055,2,51,3,2.6527337417392984,79.44246314935275,769121.6775317102
164.92598919328546,4,7,2,4.05545128249542,41.231497298321365,668977.3620836582
176.7661198356429,2,10,2,7.390320362726946,88.38305991782146,805523.1563675916
142.05752266127337,2,29,3,0.5036245039785676,71.02876133063668,652507.9927693113
171.11155445593826,4,12,1,7.135974162347648,42.777888613984565,636326.9365025331
142.6796164459152,5,54,2,6.8027090977531195,28.53592328918304,589998.4865367215
127.48425527611161,4,53,2,6.9134286173075585,31.871063819027903,547754.1157114091
162.99910810161307,5,49,2,10.567637814442055,32.599821620322615,712213.1167728417
145.47074695493163,1,81,2,1.8337463867986,145.47074695493163,802781.688169304
117.28726954274504,4,30,2,0.13763843562444755,29.32181738568626,515366.89580853906
118.55025323099522,4,46,1,9.26977334653872,29.637563307748806,512889.6283006379
189.61291639093855,2,88,3,4.9456463113066675,94.80645819546928,857076.5085113026
169.62315032186396,2,34,3,4.895311614614041,84.81157516093198,802043.5197170862
118.82190132763111,2,37,3,6.591288581794435,59.410950663815555,547852.8012794197
151.78686916192203,3,47,1,6.125426986097533,50.59562305397401,618598.5435404099
173.55095578691396,4,85,3,4.790611884937273,43.38773894672849,772073.2362753905
97.92076551252492,2,40,3,4.445823016198082,48.96038275626246,491192.4112009581
126.46275983486211,2,66,1,5.582894644976511,63.231379917431056,551836.1150291464
144.30459462947522,2,15,1,2.2592145355891153,72.15229731473761,724174.7598689697
107.08966796990933,1,37,3,6.990453653141303,107.08966796990933,602651.5677881568
143.01105413034978,5,62,2,6.2216212725711095,28.602210826069957,639879.7227204323
132.6773451212612,1,81,2,8.721887106797972,132.6773451212612,721100.7541210047
146.38267653121508,4,9,1,7.200838863820788,36.59566913280377,614424.6571781543
146.16460955248508,5,83,2,2.767426746662292,29.232921910497016,610084.8116766233
173.12046309126487,3,44,3,6.3643835723831,57.70682103042162,757500.4614511017
120.53871178640331,2,79,1,5.246409624332806,60.269355893201656,533445.1639664511
125.38276541223568,2,54,1,4.1128159225767105,62.69138270611784,590698.1186393085
88.99713916429658,4,82,3,5.5093734190434205,22.249284791074146,450086.0764811934
182.7118980479866,2,28,2,6.7138467077489326,91.3559490239933,762428.4843856299
144.59985352774126,5,67,3,2.616849626859295,28.919970705548252,663321.0976649094
213.14658420849574,3,95,3,5.258376013690161,71.04886140283192,895984.0396382993
159.23075342837734,2,56,1,6.483949180444305,79.61537671418867,718522.1206996191
180.55913819528197,1,75,3,7.716735571849776,180.55913819528197,973337.5685295669
196.44965863070001,3,12,1,5.317672935239836,65.48321954356668,782844.5193835521
159.7685680452011,2,59,3,2.446950566934089,79.88428402260055,757713.5563086779
149.55839403151955,4,49,3,6.856907862168248,37.38959850787989,623924.3212818562
136.60603607820244,1,74,2,6.281235963241102,136.60603607820244,719566.8481348718
175.22317772044076,4,82,3,5.0915530880877915,43.80579443011019,727298.096361731
120.21554520462195,4,26,3,7.097598885347167,30.053886301155487,527709.1777968698
145.46676859371303,1,4,2,4.440203405504454,145.46676859371303,846984.2181271968
156.63087708317852,5,24,3,5.235690681283727,31.326175416635703,653714.0753501994
168.27705454964774,4,30,3,2.3216266568406985,42.069263637411936,714590.179092343
190.61938248503404,5,0,2,8.397388670721929,38.123876497006805,784161.570840485
149.4935949916816,3,68,1,5.71428709128698,49.83119833056053,611910.0806760326
171.008518362555,4,65,1,3.234704120753751,42.75212959063875,728868.1915975669
175.49958709363756,4,32,3,0.7189057180458622,43.87489677340939,724021.1100298119
169.9156217028186,2,55,2,1.3627076079599192,84.9578108514093,789536.2067671318
170.34630403471155,4,62,1,4.178627098600697,42.58657600867789,635712.845911312
119.69830694520209,2,72,2,4.985347855618294,59.849153472601046,547265.9240193109
178.81572999624564,5,54,2,5.980699215657631,35.763145999249126,756764.5207815024
148.57807791853236,4,60,1,5.6176996639780645,37.14451947963309,617051.985593766
196.00774843642398,1,21,2,6.067441389507696,196.00774843642398,1088786.3008904092
207.30156586084797,4,14,2,4.203072008571393,51.82539146521199,870871.1657456009
88.64589319929568,4,51,2,8.091928622193533,22.16147329982392,377565.4916621696
163.21357645276103,5,82,3,7.532720796257956,32.642715290552204,661336.4134000033
122.23936346367006,3,57,3,7.170388546998522,40.74645448789002,551811.0178055512
146.86180444818416,3,71,2,3.3674465813137875,48.953934816061384,635225.7079535828
174.07894920581032,1,45,1,1.4826741835959543,174.07894920581032,920139.8115991849
211.33044438642773,2,8,2,3.1728990845167466,105.66522219321386,955039.358426742
118.52785547361118,5,77,1,5.994148590073506,23.705571094722238,503000.15535027516
167.78250705281133,1,90,3,2.5820117142736168,167.78250705281133,885172.8582961032
138.18200753956356,5,47,3,6.118315539047063,27.636401507912712,602914.4144353506
186.60489596023447,5,23,3,2.6417475183159262,37.32097919204689,725499.993293094
150.68907737202423,3,96,1,3.9304315082944328,50.22969245734141,624025.7271078535
185.22627696599776,3,0,3,5.949256781987074,61.74209232199925,790112.426582569
152.8923919148654,4,11,2,5.708908949501553,38.22309797871635,610333.5133298413
106.40374794135259,2,42,3,1.8422699059560004,53.201873970676296,534609.3776187458
103.37332949978486,4,43,1,3.03544428637331,25.843332374946215,455098.8941185591
133.10493086775182,2,9,1,3.9397326766052165,66.55246543387591,601099.4591575888
170.70835247523686,3,18,2,0.9819540226156516,56.90278415841229,712213.6288641444
131.59584149271595,2,82,1,5.070270657984013,65.79792074635797,605471.4986538882
151.08560748457757,2,54,2,10.218562789603496,75.54280374228878,678815.3111476206
171.2585728351037,4,12,1,7.056799254800676,42.81464320877593,671090.5877179805
124.53848073517744,2,21,1,5.712551182000221,62.26924036758872,561125.0577027975
139.42423652609827,2,79,3,4.438390847144972,69.71211826304913,690035.2967540609
177.32118357500522,2,66,3,5.671986234199451,88.66059178750261,756381.9038149221
202.09645464525084,1,16,2,8.017467989119147,202.09645464525084,1082006.1926680736
139.9326197351213,4,54,2,3.1436390770053926,34.98315493378033,576017.0035541065
137.58994496225344,2,29,2,3.382888712894891,68.79497248112672,612469.4739450946
160.80690120901957,5,29,3,5.179705613195955,32.16138024180391,690300.683475128
183.1401247018856,5,88,3,0.5096757636454301,36.628024940377124,785625.4251107345
161.70297939886999,2,44,2,0.2632300033044608,80.85148969943499,791213.2914634059
129.31367552088705,1,81,2,3.6233381905762343,129.31367552088705,752457.467279447
166.0375782728701,2,47,1,5.163942768767587,83.01878913643505,730180.8811601294
236.1194041949222,1,11,1,6.623268487554377,236.1194041949222,1270387.7580806522
145.8863713528612,2,91,1,5.635663427437846,72.9431856764306,657093.0006164438
135.08754997511056,1,38,1,4.862000127220337,135.08754997511056,717615.3023811937
116.29051366721788,5,1,3,4.388056191163884,23.258102733443575,531488.8670815312
147.07452634369358,2,91,3,5.933225082493024,73.53726317184679,730599.2354747268
165.28923623148336,2,54,1,4.45901179389284,82.64461811574168,719517.7196790947
118.51740165577118,3,59,3,9.518902301997112,39.50580055192373,516707.4149750648
182.03048431933377,1,47,1,4.592755811395182,182.03048431933377,1033352.5027267638
144.0151595981046,3,68,1,6.001157705847822,48.0050531993682,618197.8852763028
179.9476673563328,2,84,1,5.912925571152786,89.9738336781664,790182.2746140788
211.96649717180412,1,59,3,3.729317965317093,211.96649717180412,1164429.9573876907
131.62563704081577,4,86,3,4.421661328004393,32.906409260203944,587119.6243561185
161.65557870867084,3,86,2,4.030985057465325,53.88519290289028,671443.047917149
194.0835180233907,5,69,1,7.453351409444949,38.81670360467814,719190.5135035135
170.61225930313418,4,58,3,1.1350353234915036,42.653064825783545,726981.0403335002
182.1485982062018,5,69,3,3.899967822200627,36.42971964124036,741680.1816355818
206.4055349425152,1,88,3,5.277932531049732,206.4055349425152,1112938.7897534694
205.27090952832597,3,90,2,4.550600156841415,68.42363650944199,812107.6322460102
178.13542688774967,1,88,1,7.463685377466952,178.13542688774967,937977.3705041825
166.53575393944615,2,94,2,7.2629651647540365,83.26787696972308,761052.9341507643
154.97686020411467,1,66,1,5.623674840216403,154.97686020411467,827992.6567653161
192.83350788278764,4,25,3,0.9627812297051177,48.20837697069691,765492.651940362
127.54885290412894,5,22,1,1.0738090429752294,25.509770580825787,538414.8606523888
147.87309148498147,1,3,1,5.7908183613340265,147.87309148498147,835733.4248978955
196.7822672327188,3,22,3,5.851450061013148,65.59408907757293,806011.1453064145
152.6477562204618,5,84,2,5.77164909770556,30.529551244092357,634433.847094529
152.72007723210132,1,75,1,5.211526924401426,152.72007723210132,807163.184171429
175.48774752503084,5,90,3,5.434046273237061,35.09754950500617,752846.1704335901
177.49023554608462,1,33,3,4.724542517553209,177.49023554608462,979046.7587113719
114.10647231478555,1,8,1,7.5470912618050505,114.10647231478555,633148.8939143753
180.82552484678993,3,71,1,3.7813457384228064,60.27517494892998,716968.8289838402
159.52299966273426,5,71,1,6.828887981311205,31.90459993254685,629467.4778491991
138.93517493798475,3,8,3,8.113275025864294,46.311724979328254,651065.4546128034
119.25363105046343,1,3,1,6.345585264059521,119.25363105046343,671768.5042570218
181.6843129301172,5,62,1,3.3241413470997596,36.336862586023436,772510.5738913498
120.1912631596262,5,57,2,7.4305538163294385,24.03825263192524,486984.5640163262
157.77189037709246,1,15,2,0.7276271962483403,157.77189037709246,863275.173407539
136.499130945747,2,81,3,9.031506479643785,68.2495654728735,630078.9235211572
142.33982877239967,1,24,3,6.132284001013344,142.33982877239967,771008.6656833311
143.79256530471207,2,82,3,6.56906254523436,71.89628265235604,650316.043699005
204.999003898998,1,59,3,5.689106068779524,204.999003898998,1082688.7114992517
195.8847873633195,2,0,1,4.499230288090248,97.94239368165975,864807.8863693717
175.43482407522364,2,5,1,7.085472940192486,87.71741203761182,748405.8816386515
148.89504517170298,5,21,3,7.3345189599650995,29.779009034340596,689540.141033975
122.31722712233054,3,6,1,6.1570503647847605,40.77240904077684,551450.1277442527
157.1870065367068,4,45,2,6.477527717697106,39.2967516341767,626513.5673377297
186.91610153153675,1,88,1,5.4886700362034775,186.91610153153675,975330.4153488657
103.96483032272147,2,74,3,5.0888969246840485,51.982415161360734,478716.90078299766
171.63953247079945,2,42,3,3.0432033760120283,85.81976623539973,784364.3469222762
141.15350600331897,3,4,2,2.977519326495862,47.05116866777299,584482.3860385182
207.86066070214764,3,51,1,4.949075714610869,69.28688690071588,864041.1441963696
152.96527136855627,2,95,2,8.995977565618915,76.48263568427814,677626.6426478535
131.73457070080278,1,27,3,2.8419069456567816,131.73457070080278,767708.727567187
140.26892827872996,1,45,2,3.3446936501487157,140.26892827872996,746423.9410348453
151.70193290154864,2,81,1,5.483888422066525,75.85096645077432,671490.8551654642
116.9854633890013,4,77,1,4.944811195248092,29.246365847250324,500299.9053088608
138.8612388601302,4,12,2,3.7655315020242783,34.71530971503255,584976.412137983
124.01854570168028,3,64,2,8.752379576705165,41.33951523389343,535246.8589070676
156.77951332465435,2,6,3,5.298260306190132,78.38975666232717,774401.9765217007
146.05397953146348,1,93,2,5.646754200736238,146.05397953146348,807089.9390481361
90.26982517397182,4,50,2,4.283662925537651,22.567456293492956,453328.27300655487
141.09770758431873,3,2,1,5.639504658424921,47.03256919477291,600035.6784438585
186.165178160524,3,80,3,3.1699011953361715,62.05505938684133,797206.0864307813
131.8741362403209,5,71,2,8.85333777079876,26.37482724806418,542145.2890181845
191.27236459835683,3,22,3,6.621463697067556,63.75745486611894,814688.6793210733
118.75556331396083,1,33,3,4.4914067517619385,118.75556331396083,723767.5939405615
187.65350510664527,2,29,2,9.798186611719931,93.82675255332263,835288.5289666213
162.93618705003254,2,84,2,6.386622801597024,81.46809352501627,723188.3383312767
155.5709603652226,5,27,1,4.152822651769666,31.114192073044517,670087.5096412057
207.4063418660118,4,66,1,4.842244630224642,51.85158546650295,798683.9465254057
165.84284074616022,3,80,3,4.283943763745503,55.28094691538674,717513.8487857595
97.59996197013156,1,85,2,5.844698097636196,97.59996197013156,530573.5780035305
181.185655410896,2,81,1,5.465381845898433,90.592827705448,779076.0960985636
178.4442802457221,3,72,3,5.322337958336349,59.48142674857403,791263.6642956691
118.30112692707257,4,1,3,6.015438804567785,29.575281731768143,543757.0252663287
167.45069349607684,3,78,2,4.552227562505982,55.81689783202561,730240.3221718748
171.9155593373202,4,48,1,5.3736822891703895,42.97888983433005,706133.8914463995
111.23069802231095,3,40,2,3.737761166497175,37.07689934077032,495017.5576539664
109.85590403158088,2,29,2,5.505306232756694,54.92795201579044,475422.4861913766
122.47597445974833,5,56,1,7.919357227193437,24.495194891949666,488260.0870666303
132.37229364996162,2,10,1,5.797358759575097,66.18614682498081,646637.3657063103
200.47961152664377,2,44,2,3.2441176521239514,100.23980576332188,897647.9794188335
133.41405414131646,1,21,3,0.9353813259061265,133.41405414131646,746353.1906132135
157.57183173149616,3,92,2,3.4257949320998327,52.52394391049872,704146.313223241
145.33779606195293,2,97,2,5.201321557418772,72.66889803097646,645665.5586541991
161.35894505026118,1,56,1,4.370352210601157,161.35894505026118,853807.4841519907
177.82359625259238,2,42,2,5.151273261319268,88.91179812629619,822211.4103555183
140.81783076153397,1,72,2,8.346226930837132,140.81783076153397,793485.4649455105
185.92322575530565,2,90,2,2.159913695431616,92.96161287765283,775661.8398239558
129.1769001757002,4,76,1,5.988018347585924,32.29422504392505,564212.5392883213
131.46883291242904,1,66,1,6.398418299939356,131.46883291242904,720004.5019401041
136.71075309799537,4,15,2,2.412771384978966,34.17768827449884,576612.0723937185
174.3095161336306,5,0,3,5.018680849194581,34.86190322672612,772756.4778248554
159.1004586989527,1,69,3,3.6793636219057753,159.1004586989527,885105.0644630971
165.85537222679125,4,65,2,3.600594235794796,41.46384305669781,770324.189689232
140.87169733290952,3,47,2,5.427825929699193,46.95723244430317,612145.8030778759
158.83427135676354,2,50,3,6.709668354101321,79.41713567838177,735760.1732165987
129.84244304705777,2,61,3,3.905834310373911,64.92122152352889,568358.5995709003
165.97156593468813,4,65,3,2.7900415750807745,41.49289148367203,671864.1323698863
147.1320533658492,1,44,2,4.805679071248513,147.1320533658492,805059.2257531775
147.3941839768197,4,71,3,4.392993466207209,36.848545994204926,648512.0216272664
164.58788131648282,4,90,1,6.302263344346047,41.146970329120705,648677.1116018811
125.65095726202387,4,73,3,5.792279026066097,31.412739315505966,567396.9170886445
213.01819688373698,1,50,3,6.246110810257736,213.01819688373698,1152875.1646921746
185.8717528231968,2,93,2,3.7801560899321567,92.9358764115984,804531.621434199
169.68159795320847,4,75,1,5.057351847632978,42.42039948830212,698933.4516608223
149.31166485802112,4,94,3,4.445961044343817,37.32791621450528,649326.71444595
151.49222647362333,5,87,3,3.75917554706552,30.298445294724665,666521.7010433287
195.26955403132175,2,64,3,5.336206340400657,97.63477701566087,833217.1167503821
103.32988501376289,1,91,1,3.2905273600866645,103.32988501376289,553683.6588409296
126.34928535009485,5,87,2,6.559678348913981,25.26985707001897,550558.0287896007
132.58541270179248,4,88,2,5.294012877331753,33.14635317544812,550210.166056618
124.73068875534784,3,59,1,6.051493452761164,41.576896251782614,487974.42801155726
123.41731458727305,4,18,1,3.9072843628173137,30.854328646818264,524201.8210964457
124.52496016371327,1,83,3,3.908515554519755,124.52496016371327,709559.878049481
202.32253536935548,3,89,2,3.322855249818521,67.44084512311849,830996.6500265525
182.1763881543271,4,54,1,8.980280137452098,45.544097038581775,746959.445855439
180.49519718230223,3,59,2,4.4845873379019805,60.165065727434076,730308.9754811319
159.17242848095017,3,39,2,6.046350516342432,53.057476160316725,681290.7026873166
172.0332286488244,1,81,1,4.031056922803078,172.0332286488244,837362.7546185207
167.17922355587004,3,37,1,4.976295022237384,55.72640785195668,740994.5384651145
130.3749739687465,5,63,3,4.00828183161668,26.0749947937493,597888.5144586192
185.20691498876639,4,24,2,6.874505826892675,46.301728747191596,744814.7035825683
115.08778681339513,4,53,1,2.2189578511323824,28.77194670334878,516337.1464720982
79.32102270822602,3,55,1,1.8635506086335942,26.440340902742008,367420.25845976156
117.04284272071929,5,57,3,3.7932039511594002,23.408568544143858,505455.75962234894
126.45373935393903,3,95,1,5.053986014933247,42.15124645131301,543324.3180009327
153.60757327663822,4,42,3,9.76332550394778,38.401893319159555,661624.8962813008
151.0108645957347,4,48,1,6.529653214887787,37.75271614893367,616382.7061616363
157.5302591314453,1,59,1,7.19557770870926,157.5302591314453,840526.7319651677
84.29522209417775,4,83,2,5.958800835663693,21.073805523544436,414700.0869710853
181.3525115362557,2,27,1,0.2622684495987695,90.67625576812785,814630.2333090284
104.56781307246669,1,47,1,8.194845572609156,104.56781307246669,583561.6860418442
145.23020269444413,3,77,3,4.2267058756598885,48.41006756481471,624456.2028410718
142.4165625472094,2,34,2,5.875790004134238,71.2082812736047,642997.5845331042
202.73154965723282,1,83,1,7.704999348469652,202.73154965723282,1105990.6577455853
139.85316545074176,4,25,1,8.25564681893712,34.96329136268544,563725.0011761327
211.8451048048209,1,69,2,2.8338226080868405,211.8451048048209,1109653.3543459217
115.46456903872365,4,15,1,2.965569387341919,28.866142259680913,501997.9453768697
171.39756799542744,5,48,3,5.406040434985784,34.27951359908549,723409.1356201655
166.6978244676061,5,90,3,7.093968654220707,33.33956489352122,712351.9221255588
212.1204938520744,5,51,3,7.480108799241075,42.42409877041488,860269.3399369994
190.57929212923204,1,47,2,7.761879513722382,190.57929212923204,1019966.1152674301
172.4123761847655,4,43,2,8.553982341901278,43.10309404619137,672736.3123609504
125.4628378094487,3,96,3,3.374636795265064,41.8209459364829,591512.1834119041
159.44195887322522,3,5,2,7.1654597567019,53.147319624408404,678490.3999658952
159.68765734027969,1,84,2,5.537263115067585,159.68765734027969,836874.4307145538
103.6846557378095,4,12,2,2.135201514148434,25.921163934452377,473539.95679215423
154.101666853304,2,88,1,4.3731353693403765,77.050833426652,677685.9247795386
124.66174053735678,2,94,2,5.534566321672127,62.33087026867839,600651.1776853439
167.99968323049444,2,72,1,7.643878091750257,83.99984161524722,726898.0919693684
125.91222113227673,5,66,1,4.838272868579885,25.182444226455345,574050.1055289676
131.8571938445404,3,33,3,2.886997869924455,43.952397948180135,617389.8185706266
152.15960282313634,2,27,1,5.507944312556433,76.07980141156817,636845.9634682623
116.47042020242367,4,28,2,5.672539458756243,29.117605050605917,567756.1199342478
173.1819511204743,3,4,3,5.670683620288215,57.727317040158105,754060.6088495959
157.75282337099668,5,79,1,6.836069111446763,31.550564674199336,615474.5548170393
126.97275413056467,3,61,2,5.885232626217882,42.32425137685489,570026.6430977702
194.1888525932978,5,37,3,5.018574752224992,38.83777051865956,772251.4086524309
222.12676434477618,3,38,2,3.95609561223248,74.04225478159206,903480.0611103661
150.02570423471923,1,71,3,7.114296991836131,150.02570423471923,866498.9917172927
177.68363492871444,5,35,1,4.94479660243098,35.53672698574289,676445.0056465956
203.49305897660957,2,34,2,8.495800846573282,101.74652948830479,886364.2574076739
159.71047042244032,5,40,1,3.9022013229599404,31.942094084488065,648304.6501605167
84.18027634053718,2,56,2,5.553892584288578,42.09013817026859,439742.4807412852
169.80346000726647,3,52,3,4.031729660422287,56.60115333575549,748365.734409481
142.09753092030576,2,58,1,1.0600447026879358,71.04876546015288,625818.0397051913
162.97507189955883,2,96,1,6.627415887351313,81.48753594977941,698183.7677119821
129.4924183594403,5,0,3,8.766584193100911,25.898483671888062,579690.8814150838
191.65035028874792,1,40,3,5.359678453571365,191.65035028874792,1056238.405224091
146.00404130315306,5,63,2,6.224033261790213,29.200808260630613,604859.5645403997
151.64089692934212,3,60,3,8.74614883012365,50.54696564311404,658416.2146791832
168.50877331350245,4,81,1,7.04136972420403,42.12719332837561,686006.8264511321
90.24072125611409,2,39,1,3.704114623812228,45.12036062805704,391288.70357007766
139.7740274210778,5,87,2,6.858029281868559,27.95480548421556,565865.0039145089
117.09443480117619,1,13,1,4.199333389419462,117.09443480117619,641572.0694466325
216.63444210530656,3,30,3,6.156325155861698,72.21148070176885,857445.6374477597
171.25000593545408,5,81,1,4.853173927615999,34.25000118709082,716949.6139568755
188.83545697283867,4,12,2,7.537403366137319,47.20886424320967,742260.8161316994
126.1773481625797,1,52,2,3.6942676447499743,126.1773481625797,700084.3026553341
156.67203379240783,5,94,1,4.975600480424115,31.334406758481567,599555.2951290762
129.51932225809605,2,85,1,2.9977816809002493,64.75966112904803,592185.8938031781
131.59420091452048,3,6,2,6.186952460405924,43.8647336381735,595559.6019996699
160.05388660759635,3,77,2,3.3790926238801595,53.351295535865454,686046.1920330613
174.7448802820177,1,33,2,5.998717991951426,174.7448802820177,994181.3479607083
166.243287582165,5,74,1,3.905863192580931,33.248657516433,623716.1619185469
79.48301930907093,1,64,1,3.243614056263917,79.48301930907093,460471.4623100917
151.42037083521316,2,16,3,5.451666417312525,75.71018541760658,663578.9639794838
96.67273784548429,4,87,3,4.880680261846147,24.168184461371073,446296.77404245175
124.65469171837927,4,7,2,5.426093901959361,31.163672929594817,534230.8994432719
185.9531936029773,5,27,2,3.833266642397891,37.19063872059546,727860.3607116701
130.22970436263623,2,26,1,6.143082844435716,65.11485218131811,587955.494442759
147.87048968553324,2,37,1,4.566262509098212,73.93524484276662,670502.1404053132
108.43589104149677,1,98,2,4.745908185060766,108.43589104149677,574605.2767525584
181.4349279401985,2,42,1,4.626532115033275,90.71746397009925,765283.2801127285
201.47570599850235,1,64,3,5.569552279895432,201.47570599850235,1136437.444977618
157.32249215909252,5,65,3,2.2282562562169868,31.464498431818505,701348.8323004209
100.26970933304469,5,0,1,5.618084092880231,20.053941866608938,449305.71948198526
176.13689853303472,3,36,2,8.693618005831974,58.71229951101157,754826.3606585029
194.45620623134025,4,77,3,4.751426350768169,48.61405155783506,833710.6845876292
174.01454993669745,5,86,3,8.641996250877558,34.80290998733949,706171.1713088612
90.09330966293638,1,7,2,7.5967312757558165,90.09330966293638,490694.7023901029
126.23196827493452,3,61,1,2.948794678806169,42.0773227583115,526406.1547405852
127.13331239300788,3,26,1,3.61789340745322,42.37777079766929,543775.0639056996
126.93759408397261,4,96,3,4.989942498915778,31.734398520993153,551228.0559863511
172.97846284292845,2,42,2,4.921407739304133,86.48923142146423,759921.3286465992
178.82640494379146,5,59,3,6.435759018691376,35.76528098875829,697418.4645343947
196.60632498838922,4,35,2,6.647016367738571,49.151581247097305,800974.1188733866
119.44397826539989,4,42,3,4.997675559196954,29.860994566349973,543643.9082758721
164.64880046975367,4,29,1,4.859438190568282,41.16220011743842,656183.8928538441
128.20682450933793,3,71,3,4.310620608698224,42.73560816977931,604411.909079349
180.26676097692982,4,5,3,8.320497473270063,45.066690244232454,752881.5987260989
229.98247709344471,1,29,2,5.5381717617165105,229.98247709344471,1194923.1464189994
127.76031073675028,2,99,2,2.915115192712824,63.88015536837514,556893.2760069064
159.23463935032416,2,32,1,6.521965687539778,79.61731967516208,707227.4883808824
185.74246055305582,2,74,3,6.679681186017159,92.87123027652791,838608.8525084388
142.1410352532427,4,76,1,1.2712622088827241,35.535258813310676,544755.4549266503
157.3251934049079,2,17,2,3.71465357832912,78.66259670245395,705457.740093524
154.08602518601177,5,55,1,5.709647657634466,30.817205037202353,636222.4277488535
137.5289495864166,1,23,1,0.4280379618719543,137.5289495864166,766179.3382156137
141.7325482450303,4,23,2,5.084788680520641,35.433137061257575,604933.9953915167
144.44382425617908,3,85,1,7.013719920536064,48.14794141872636,631776.7669677646
174.30043556034877,3,55,2,3.9856366248412924,58.100145186782925,751697.4997050017
107.32809482474426,3,54,1,5.060177559029186,35.77603160824808,483930.3041305113
179.29716378064703,3,17,2,5.760411044144854,59.76572126021568,740271.4730043048
68.43458515572874,2,24,2,5.787049482210836,34.21729257786437,392593.7646496165
139.4697516530171,1,19,2,4.725598588566746,139.4697516530171,756890.824490894
176.91906079074818,3,48,2,2.3530276587288186,58.973020263582725,729546.6817194162
185.25960764148027,4,56,3,7.427720521040626,46.31490191037007,785347.3543707698
168.34841188306962,2,69,2,7.576161773141074,84.17420594153481,747307.1669606703
132.3186648337492,3,32,3,3.7280377390876414,44.10622161124974,617267.0381962341
149.94771838385964,5,91,3,5.919590454388652,29.989543676771927,645499.2557071326
138.15579855903297,2,80,2,6.390987355128606,69.07789927951649,636277.3832202229
136.04062219743008,5,60,2,1.8658986137550602,27.208124439486017,563474.1649394988
184.44988937074015,1,66,2,5.9086036883405155,184.44988937074015,957891.4024740111
156.6849253249033,1,32,2,7.43999684800201,156.6849253249033,858960.5927040991
147.4845491537581,5,61,1,4.745813470168566,29.496909830751623,578764.7703563066
189.23315318781763,1,91,1,2.6590336333423794,189.23315318781763,998512.4107540501
98.37272042664031,3,3,3,1.7067915137016954,32.7909068088801,480599.3564086723
105.82589816507085,4,80,3,7.1590838325692765,26.456474541267713,465109.1140707122
163.6491827774947,1,64,2,3.6948399542980104,163.6491827774947,900588.5682984004
156.59578447016094,4,75,1,5.130413360647662,39.148946117540234,592039.9755174207
191.8326425875804,1,11,3,6.939269461069,191.8326425875804,1071966.4916611216
113.85393925078189,2,41,2,5.209209369230181,56.926969625390946,551851.0856114966
148.54885399826546,2,36,3,3.405084710967933,74.27442699913273,732380.3090669722
150.42525049158763,5,36,3,5.582115981608875,30.085050098317527,620209.8624246775
167.78777818832523,3,75,3,6.61943195006735,55.929259396108414,723036.2727992854
139.75496104207156,5,62,1,3.4826544594409263,27.950992208414313,617746.4705330047
124.43455079454283,3,42,1,5.568573774876764,41.47818359818094,518184.31812136364
138.68460432699771,2,10,2,5.829398926398511,69.34230216349886,643813.6644401106
178.5586629191481,3,38,2,6.254535742111482,59.5195543063827,786267.7089826133
138.8032043371686,5,65,2,1.5890354890255174,27.76064086743372,597787.1231949748
189.63350811540823,4,61,2,7.842308276704439,47.40837702885206,760888.2199107923
166.67230280113372,1,62,2,1.8078257584017514,166.67230280113372,892327.0639748726
164.66379967720553,5,36,2,5.977898859233601,32.932759935441105,703783.3324369248
177.42999047947447,4,51,3,4.362324381354342,44.35749761986862,770888.5020689035
156.14500749859786,2,9,3,5.621390476166967,78.07250374929893,702408.4681992285
160.62657496610834,5,96,1,9.252650869455774,32.125314993221664,615159.4218093179
133.79278769071956,1,85,3,8.236358047842218,133.79278769071956,727407.209997568
166.7467584197849,1,97,1,3.5067601991158694,166.7467584197849,862209.5299467259
189.16722016015765,3,81,1,1.8731874187449802,63.05574005338588,747689.2775129887
145.80583129313246,1,56,2,9.624486424250218,145.80583129313246,793352.4126862145
161.53699447765575,5,67,2,4.712220376946401,32.30739889553115,638756.1659110956
132.65447687986477,1,13,3,6.000347699488042,132.65447687986477,785579.7054679312
126.2881426315915,4,48,1,7.899884389681224,31.572035657897874,545683.4512195374
173.08837890059948,4,2,1,6.005589622107649,43.27209472514987,706577.1547228042
153.9420983602082,4,78,3,7.162512511706177,38.48552459005205,680884.3791438782
163.81791919757435,4,96,1,6.1725911840813055,40.95447979939359,674558.5174228861
112.94886002862692,4,43,2,4.676123740690005,28.23721500715673,488232.79741611663
134.92138137658003,3,73,1,8.189538819410522,44.97379379219334,547102.6553648856
161.11271683468934,4,10,3,5.608066281985538,40.278179208672334,696617.956375591
185.28462407795155,3,54,2,1.3170731413217736,61.761541359317185,778299.5600316332
143.07230609275808,1,32,2,2.285929842320647,143.07230609275808,812931.165384219
129.36688069858317,5,67,1,3.665410234382124,25.873376139716633,525968.7561248713
124.91823299829672,3,75,2,5.1252906512569325,41.639410999432236,510859.4985749935
183.2019349105165,2,87,3,3.557212388680019,91.60096745525826,817847.5878695355
137.08968575991045,5,64,2,10.062188601635041,27.41793715198209,575215.0583419482
174.24902730697204,1,82,3,8.380105893115488,174.24902730697204,923157.1014984176
149.0408645164148,5,32,1,5.94128276518911,29.808172903282962,615817.5413323373
162.4941239685135,2,33,1,9.570051437429733,81.24706198425675,735801.4207077946
204.81392503759716,2,48,2,5.260644605570619,102.40696251879858,880772.6316117918
162.03266902520102,5,1,1,4.80003350209207,32.406533805040205,654909.8551272674
125.99847986841264,2,76,1,4.5040803009475185,62.99923993420632,558222.5493110185
151.860046932369,4,28,2,10.108086263657903,37.96501173309225,615268.6167978541
179.82503716130114,2,41,1,10.736884959739237,89.91251858065057,779599.3146050908
171.23026284781443,5,92,3,5.19230063441774,34.246052569562885,701299.9448957567
85.6191724978718,5,25,3,8.196490858537773,17.12383449957436,416553.875633209
155.46374421240773,3,65,2,2.415403581777582,51.821248070802575,670750.196561317
109.85726435388153,3,51,3,7.467611944314616,36.61908811796051,515816.1868647445
113.79411833676868,3,25,3,5.1212605004599405,37.93137277892289,551485.405276143
108.59614251504195,4,90,1,4.107306993081945,27.149035628760487,462396.22122606507
158.17380788213367,3,84,3,5.017390000545232,52.72460262737789,630199.2927703869
126.01880873726029,4,24,2,5.985994927711591,31.50470218431507,554455.3562418674
184.91664127232607,2,72,1,8.23400678067076,92.45832063616304,784814.5669225121
203.13214941831933,1,28,3,3.382598713923657,203.13214941831933,1138920.1784978842
114.07397821916697,5,98,2,2.587730449536843,22.814795643833396,527482.6425183972
115.959980058044,1,40,2,3.876447406950156,115.959980058044,678406.3202228909
223.1306106878913,3,33,3,6.64852736112136,74.3768702292971,917512.3667049465
164.53870456476733,1,88,3,5.05625025885699,164.53870456476733,930127.8147697654
183.39809454565903,3,95,1,5.619895357329797,61.13269818188635,712502.1526354299
118.86061268283268,4,77,1,-0.9853427872976956,29.71515317070817,454572.57818657835
174.3083430643303,2,49,3,8.067406711980283,87.15417153216515,785596.9233984567
180.94912400599299,5,78,3,3.864413942482307,36.1898248011986,743817.212727489
102.80438525180203,3,2,3,7.324180448521315,34.26812841726734,479155.62551363575
177.86864173513533,2,67,3,5.537186682025337,88.93432086756766,792850.8725357783
107.78567531227594,1,54,1,6.530932124745025,107.78567531227594,609940.3767508242
153.2644398538283,2,56,1,5.159193058579706,76.63221992691415,664247.9204113502
183.6901483687185,4,42,2,3.7075669955998745,45.922537092179624,748059.4686844264
117.17993087482563,2,84,3,3.9377305817456545,58.589965437412815,546639.1948994814
145.57799140922756,2,3,1,4.090705396665329,72.78899570461378,663003.1070080922
182.24604048525808,2,46,3,5.141267208820702,91.12302024262904,852446.1666915109
164.65999073553795,5,94,2,3.569621649250486,32.93199814710759,655211.4404857237
151.73256962330703,5,0,3,5.057728961015296,30.346513924661405,635893.7290881427
185.43841388722214,1,27,3,4.721868404934615,185.43841388722214,1051797.618602848
167.75844968121083,1,33,2,8.062424278111713,167.75844968121083,901259.9235929385
141.59884333590557,4,47,2,6.517572783697391,35.39971083397639,604183.1838841768
136.9327579561333,1,27,3,7.369774649530845,136.9327579561333,756487.2893564176
154.5774889542567,2,81,1,5.676784756906308,77.28874447712835,689688.7694276874
208.23641325120562,5,13,2,0.4787660107395242,41.647282650241124,830186.992115952
138.58420436560488,3,21,1,3.3877130007167517,46.19473478853496,613013.1657497877
175.67077565150885,4,38,3,4.899671484019511,43.91769391287721,768732.3439540074
131.2047859698336,2,83,1,7.273182367397631,65.6023929849168,561585.5568866803
105.85039803641985,2,46,1,2.814663134463998,52.92519901820992,513118.113860931
148.96651991664677,5,4,1,4.78680331837188,29.793303983329356,564760.5907463788
118.75004297232458,5,13,3,6.479060171117119,23.750008594464916,508637.67278823524
157.07812052107516,3,50,1,8.390247092796303,52.359373507025055,638235.7446603737
147.07309824984532,2,87,1,7.185400315308163,73.53654912492266,624767.7352945679
133.17781751372345,1,19,1,7.8045291892928095,133.17781751372345,746231.5454275265
126.92056798798058,3,43,1,3.137423905882067,42.30685599599352,561115.1393365628
148.07977656384668,3,21,3,8.134912489137747,49.35992552128223,623922.5046839254
124.43784920943216,3,86,1,7.199264775366033,41.47928306981072,583189.9116060493
204.12620691970486,2,82,1,6.632666807429496,102.06310345985243,883970.6715480607
93.35343927833645,3,24,1,6.6948977643501735,31.117813092778817,407794.45191488415
185.34707844534992,2,88,3,4.16561088151805,92.67353922267496,807007.7223121008
126.31185738993611,1,78,1,4.87731871419776,126.31185738993611,685099.2785089613
154.0551398929595,3,59,2,9.132915907098177,51.35171329765316,639243.6647165219
158.3021288753814,2,96,3,2.396991926338603,79.1510644376907,691836.1183389876
190.045968702955,2,44,2,5.050330035691617,95.0229843514775,794358.39845056
127.10063841509654,4,74,3,6.034734398131228,31.775159603774135,533512.8402236006
142.68035840121522,3,22,3,3.806956796489735,47.560119467071736,627986.4340783984
168.91463443016252,2,64,1,2.3913887480167864,84.45731721508126,729761.6975786401
193.1675394527473,3,96,1,4.164835595709686,64.38917981758243,774695.8493280843
143.33710110429521,2,82,3,3.909757148843269,71.66855055214761,667596.5692672827
156.85182819006897,2,28,1,2.8578783221750554,78.42591409503449,720921.409747302
171.40126505071595,2,76,1,2.8112909944733118,85.70063252535797,764104.4037084578
130.0485250002015,4,21,3,6.428517077136231,32.51213125005037,606294.9040933149
167.42666207045858,2,70,3,7.531537745525775,83.71333103522929,726637.3509640465
125.83265545396918,3,63,2,6.200268634361216,41.944218484656396,531427.2019133206
179.98329841799946,4,77,2,2.441508751066451,44.995824604499866,741608.7562459274
120.96548639036499,3,84,3,4.933450261155984,40.32182879678833,554093.4653111349
155.31393521037083,4,76,3,4.0703463542279135,38.82848380259271,605029.0212881526
174.99369721576596,2,28,3,8.7979349699827,87.49684860788298,815988.7829581783
197.3922120407736,5,72,1,6.316940199862302,39.47844240815472,782521.2073820046
95.16926789652157,1,0,2,3.9346551851206506,95.16926789652157,531267.5423750874
192.19959903621498,3,64,2,5.218991445277411,64.06653301207166,798301.347827396
179.43738472102484,1,75,1,7.455073475850409,179.43738472102484,960883.7705488435
152.12795825686572,4,81,3,5.8786194887358345,38.03198956421643,637603.3325699815
169.65078332997595,5,96,2,9.273806270666508,33.93015666599519,706827.9767204584
164.90222612348754,3,17,2,7.928570112703161,54.96740870782918,668510.5472243091
125.1467915947443,4,4,1,3.240257951890221,31.286697898686075,512707.1960782842
161.40761574522725,4,80,3,1.9620177854780048,40.35190393630681,675262.2526396721
142.2496075796518,3,76,3,5.1974319129534,47.416535859883936,616111.0780142541
200.23837989896182,1,56,2,3.590736377846298,200.23837989896182,1110444.9997285472
173.6728499941955,2,97,1,7.205008214686284,86.83642499709775,762692.3299413066
125.70734694868862,1,95,2,7.510829374596548,125.70734694868862,688270.2894123765
176.7424950326479,3,47,2,5.996682958113246,58.914165010882634,722897.7113336814
205.23998375264406,5,72,3,7.052516312806838,41.04799675052881,847427.2103529817
174.9421030295749,5,53,2,2.9661275778676424,34.98842060591498,679081.9321446664
184.88294006506845,2,20,1,7.56782800414562,92.44147003253423,782292.6716212122
189.03768628037744,5,99,2,3.6341976609060955,37.80753725607549,761660.5977288607
148.9895486450619,3,60,2,3.201806191023799,49.6631828816873,632952.6765824482
122.75836910343773,2,34,1,4.127482537119498,61.379184551718865,536347.2639218502
142.51146674427065,3,83,1,7.469090762612157,47.503822248090216,572255.3859986818
164.99043648218975,4,23,3,3.782164658651394,41.24760912054744,735460.5073587773
102.09326063256844,2,14,1,7.433697133827316,51.04663031628422,479810.5261130943
186.3099874976359,1,62,1,3.5972926748981187,186.3099874976359,979149.2711201923
134.94475901426395,4,26,3,5.836970864062646,33.73618975356599,594570.3203016461
183.6623924089754,5,47,1,5.383916484322173,36.73247848179508,710208.0193682191
124.52273168705452,2,76,1,5.400879605339233,62.26136584352726,565961.2776488271
139.07763472935554,1,22,3,3.767564054216412,139.07763472935554,781138.5090873861
190.12020508718774,1,60,2,6.772756911548582,190.12020508718774,1071049.9848500509
155.41515542084417,3,21,3,4.109964302092646,51.80505180694806,716012.3755549083
156.08167862084906,2,79,2,2.3449061640884943,78.04083931042453,738405.5930065414
139.6696965840905,1,65,2,5.9453268520243086,139.6696965840905,795094.7379657974
114.0894333508366,4,87,1,4.855836212581652,28.52235833770915,493000.83556286374
160.82006165489537,1,42,2,6.868214382203465,160.82006165489537,880248.376120676
160.39940584902257,2,60,2,3.979858640911898,80.19970292451129,730748.2981753724
139.0400902580314,3,33,1,4.555435193481512,46.34669675267713,622046.3959935153
172.1482570899031,2,21,1,0.779590632272817,86.07412854495155,782028.6932613966
136.29165405044293,4,93,1,5.501630185781373,34.07291351261073,547325.9802538402
161.650841942016,2,72,3,6.6461858033269055,80.825420971008,711441.6557409784
162.91152304484038,5,80,3,5.355277915437619,32.58230460896807,687116.8433215204
130.18574921963196,1,43,3,2.395514916771603,130.18574921963196,720842.0904355964
131.93152285704417,4,18,3,7.211526593534105,32.98288071426104,563365.796543976
160.07301385681916,2,86,3,1.560352657353294,80.03650692840958,736052.2879582603
158.51032487660308,3,49,2,7.3410117079252135,52.83677495886769,649519.4362910421
111.97014786022199,4,69,1,5.421969063836263,27.992536965055496,434591.05554850516
180.22436278698095,2,59,3,5.0642644384322795,90.11218139349047,824474.378095575
153.1032726955845,2,97,1,3.3688789721172254,76.55163634779225,714795.0209695147
196.95390830880473,3,33,2,1.6237777010673184,65.65130276960157,849654.3099933992
153.4598997701205,1,12,1,7.751273948188061,153.4598997701205,846005.2966444535
159.25825525734936,4,34,3,7.569772481692529,39.81456381433734,686366.3530492582
168.56657446716105,1,26,2,3.49363019192601,168.56657446716105,934839.1552841153
148.54830419326498,4,79,2,3.2943758373713274,37.137076048316246,649077.9419288285
94.15058886749372,5,45,2,7.5257604240581015,18.830117773498745,391692.2410934414
